{"cameraMode":{"drawMode":0,"name":"Shaded","section":"Shading Mode"},"sceneLighting":true,"audioPlay":false,"sceneViewState":{"m_AlwaysRefresh":false,"showFog":true,"showSkybox":true,"showFlares":true,"showImageEffects":true,"showParticleSystems":true,"showVisualEffectGraphs":true,"m_FxEnabled":true},"in2DMode":false,"pivot":{"x":-25.02762794494629,"y":-17.304576873779298,"z":103.43646240234375},"rotation":{"x":-0.12946495413780213,"y":0.12075208127498627,"z":-0.01588630862534046,"w":-0.9840683937072754},"size":69.36122131347656,"orthographic":false}