{"cameraMode":{"drawMode":0,"name":"Shaded","section":"Shading Mode"},"sceneLighting":true,"audioPlay":false,"sceneViewState":{"m_AlwaysRefresh":false,"showFog":true,"showSkybox":true,"showFlares":true,"showImageEffects":true,"showParticleSystems":true,"showVisualEffectGraphs":true,"m_FxEnabled":true},"in2DMode":false,"pivot":{"x":810.9666748046875,"y":389.42462158203127,"z":57.8475341796875},"rotation":{"x":0.07013340294361115,"y":0.20264646410942079,"z":0.014554218389093876,"w":-0.9766106009483337},"size":798.2095947265625,"orthographic":false}